{"member_list_bej48": "[\"\\u82cf\\u6749\\u6749\", \"\\u6bb5\\u827a\\u7487\", \"\\u51af\\u601d\\u4f73\", \"\\u5f20\\u6000\\u747e\", \"\\u9a6c\\u7389\\u7075\", \"\\u9648\\u5029\\u6960\", \"\\u9ec4\\u6069\\u8339\", \"\\u80e1\\u6653\\u6167\", \"\\u9648\\u7f8e\\u541b\", \"\\u9752\\u94b0\\u96ef\", \"\\u738b\\u96e8\\u714a\", \"\\u674e\\u6893\", \"\\u5218\\u59dd\\u8d24\", \"\\u845b\\u53f8\\u742a\", \"\\u95eb\\u660e\\u7b60\", \"\\u80e1\\u4e3d\\u829d\"]", "member_list_gnz48": "[\"\\u8c22\\u857e\\u857e\", \"\\u90d1\\u4e39\\u59ae\", \"\\u5218\\u529b\\u83f2\", \"\\u9648\\u73c2\", \"\\u5510\\u8389\\u4f73\", \"\\u5de6\\u5a67\\u5a9b\", \"\\u8096\\u6587\\u94c3\", \"\\u5362\\u9759\", \"\\u5218\\u5029\\u5029\", \"\\u9ad8\\u6e90\\u5a67\", \"\\u5f20\\u743c\\u4e88\", \"\\u6768\\u5a9b\\u5a9b\", \"\\u675c\\u79cb\\u9716\", \"\\u6881\\u5a49\\u7433\", \"\\u9f99\\u4ea6\\u745e\", \"\\u6731\\u6021\\u6b23\"]", "member_list_vs": "[\"\\u8c22\\u857e\\u857e\", \"\\u82cf\\u6749\\u6749\", \"\\u6bb5\\u827a\\u7487\", \"\\u90d1\\u4e39\\u59ae\", \"\\u5218\\u529b\\u83f2\", \"\\u97e9\\u5bb6\\u4e50\", \"\\u51af\\u601d\\u4f73\", \"\\u5f20\\u6000\\u747e\", \"\\u9648\\u73c2\", \"\\u9a6c\\u7389\\u7075\", \"\\u5510\\u8389\\u4f73\", \"\\u9648\\u5029\\u6960\", \"\\u9ec4\\u6069\\u8339\", \"\\u80e1\\u6653\\u6167\", \"\\u5de6\\u5a67\\u5a9b\", \"\\u9648\\u7f8e\\u541b\"]", "amount_bej48": "[\"36.33\", \"34.33\", \"34.33\", \"30.33\", \"29.33\", \"28.00\", \"25.03\", \"25.03\", \"20.11\", \"20.00\", \"19.14\", \"18.77\", \"15.49\", \"14.67\", \"13.58\", \"12.04\"]", "amount_gnz48": "[\"36.33\", \"35.33\", \"34.33\", \"30.33\", \"29.33\", \"28.00\", \"25.03\", \"25.03\", \"20.11\", \"20.00\", \"19.14\", \"18.77\", \"15.49\", \"14.67\", \"13.58\", \"12.04\"]", "amount_vs": "[\"36.34\", \"35.33\", \"34.33\", \"30.33\", \"29.33\", \"28.00\", \"25.03\", \"25.03\", \"20.11\", \"20.00\", \"19.14\", \"18.77\", \"15.49\", \"14.67\", \"13.58\", \"12.04\"]"}